Job Title,Company Name,Location,Posted Time,Company Page Link,Job URL,Benefits
Data Analyst,Microsoft,"Atlanta, Géorgie, États-Unis",il y a 23 heures,https://www.linkedin.com/company/microsoft?trk=public_jobs_jserp-result_job-search-card-subtitle,https://www.linkedin.com/jobs/view/data-analyst-at-microsoft-3919375605?position=1&pageNum=0&refId=TM07%2FMvoXu3b9Oe0YBKRXw%3D%3D&trackingId=qZC3%2Fj%2FJhIETWIquILkOaA%3D%3D&trk=public_jobs_jserp-result_search-card,Recrutement actif
Data Analyst,The Walt Disney Company,"Santa Monica, Californie, États-Unis",,https://www.linkedin.com/company/the-walt-disney-company?trk=public_jobs_jserp-result_job-search-card-subtitle,https://www.linkedin.com/jobs/view/data-analyst-at-the-walt-disney-company-3921539246?position=2&pageNum=0&refId=TM07%2FMvoXu3b9Oe0YBKRXw%3D%3D&trackingId=%2Fm41X7Qc3uG5tIS8S7vSDg%3D%3D&trk=public_jobs_jserp-result_search-card,Recrutement actif
Data Analyst,LTIMindtree,"Californie, États-Unis",,https://in.linkedin.com/company/ltimindtree?trk=public_jobs_jserp-result_job-search-card-subtitle,https://www.linkedin.com/jobs/view/data-analyst-at-ltimindtree-3919393665?position=3&pageNum=0&refId=TM07%2FMvoXu3b9Oe0YBKRXw%3D%3D&trackingId=L5WX%2ByILZwp8eBPP3Xr87A%3D%3D&trk=public_jobs_jserp-result_search-card,Recrutement actif
Analyst,GivePower,États-Unis,il y a 9 heures,https://www.linkedin.com/company/givepower?trk=public_jobs_jserp-result_job-search-card-subtitle,https://www.linkedin.com/jobs/view/analyst-at-givepower-3923428609?position=4&pageNum=0&refId=TM07%2FMvoXu3b9Oe0YBKRXw%3D%3D&trackingId=rdIRxpBtm5KR4pSzM8pjRA%3D%3D&trk=public_jobs_jserp-result_search-card,
"Manager, Analytics",LinkedIn,"San Francisco, Californie, États-Unis",,https://www.linkedin.com/company/linkedin?trk=public_jobs_jserp-result_job-search-card-subtitle,https://www.linkedin.com/jobs/view/manager-analytics-at-linkedin-3923051012?position=5&pageNum=0&refId=TM07%2FMvoXu3b9Oe0YBKRXw%3D%3D&trackingId=DBvaf0O%2BiFaMBTa1txNT2A%3D%3D&trk=public_jobs_jserp-result_search-card,Recrutement actif
Data Analyst,Stellar Professionals,"Chesterfield, Virginie, États-Unis",,https://www.linkedin.com/company/stellar-professionals?trk=public_jobs_jserp-result_job-search-card-subtitle,https://www.linkedin.com/jobs/view/data-analyst-at-stellar-professionals-3921504897?position=6&pageNum=0&refId=TM07%2FMvoXu3b9Oe0YBKRXw%3D%3D&trackingId=Ci6rIrLO4Pgly9YAAF10yg%3D%3D&trk=public_jobs_jserp-result_search-card,
"Digital Marketing Manager, North America",Lacoste,Région métropolitaine de New York City,,https://fr.linkedin.com/company/lacoste?trk=public_jobs_jserp-result_job-search-card-subtitle,https://www.linkedin.com/jobs/view/digital-marketing-manager-north-america-at-lacoste-3923071088?position=7&pageNum=0&refId=TM07%2FMvoXu3b9Oe0YBKRXw%3D%3D&trackingId=yk1gixLYc6tP3tsihFSc9Q%3D%3D&trk=public_jobs_jserp-result_search-card,Recrutement actif Plus de 7 avantages
"Global GM, Coursera for Business",Coursera,États-Unis,,https://www.linkedin.com/company/coursera?trk=public_jobs_jserp-result_job-search-card-subtitle,https://www.linkedin.com/jobs/view/global-gm-coursera-for-business-at-coursera-3923084180?position=8&pageNum=0&refId=TM07%2FMvoXu3b9Oe0YBKRXw%3D%3D&trackingId=UVjnky2mMqsSIcW1HmH5Yg%3D%3D&trk=public_jobs_jserp-result_search-card,Recrutement actif
"Associate Manager, Digital Marketing",UNIQLO,"New York, New York, États-Unis",,https://jp.linkedin.com/company/uniqlo?trk=public_jobs_jserp-result_job-search-card-subtitle,https://www.linkedin.com/jobs/view/associate-manager-digital-marketing-at-uniqlo-3922814600?position=9&pageNum=0&refId=TM07%2FMvoXu3b9Oe0YBKRXw%3D%3D&trackingId=Vkkz%2B0L4Z5OUsctE6nGITw%3D%3D&trk=public_jobs_jserp-result_search-card,Recrutement actif
Data Analyst,Coders Data,États-Unis,,https://www.linkedin.com/company/codersdata?trk=public_jobs_jserp-result_job-search-card-subtitle,https://www.linkedin.com/jobs/view/data-analyst-at-coders-data-3922865840?position=10&pageNum=0&refId=TM07%2FMvoXu3b9Oe0YBKRXw%3D%3D&trackingId=F6UyZ8zQYcmcUGiPJX8PDw%3D%3D&trk=public_jobs_jserp-result_search-card,Recrutement actif Plus de 4 avantages
"Senior Data Scientist - Pay Area, Pricing",Asana,"San Francisco, Californie, États-Unis",il y a 17 heures,https://www.linkedin.com/company/asana?trk=public_jobs_jserp-result_job-search-card-subtitle,https://www.linkedin.com/jobs/view/senior-data-scientist-pay-area-pricing-at-asana-3923249161?position=11&pageNum=0&refId=TM07%2FMvoXu3b9Oe0YBKRXw%3D%3D&trackingId=MKWn9hN2SijIj2WpKsD1jg%3D%3D&trk=public_jobs_jserp-result_search-card,Recrutement actif
Data Analyst,Tata Consultancy Services,"New York, New York, États-Unis",,https://in.linkedin.com/company/tata-consultancy-services?trk=public_jobs_jserp-result_job-search-card-subtitle,https://www.linkedin.com/jobs/view/data-analyst-at-tata-consultancy-services-3919384211?position=12&pageNum=0&refId=TM07%2FMvoXu3b9Oe0YBKRXw%3D%3D&trackingId=AVsNORYNt%2FuQ31hXKsI4JA%3D%3D&trk=public_jobs_jserp-result_search-card,Recrutement actif
Junior Data Engineer,NielsenIQ,"Nashville, Tennessee, États-Unis",,https://www.linkedin.com/company/nielseniq?trk=public_jobs_jserp-result_job-search-card-subtitle,https://www.linkedin.com/jobs/view/junior-data-engineer-at-nielseniq-3923056465?position=13&pageNum=0&refId=TM07%2FMvoXu3b9Oe0YBKRXw%3D%3D&trackingId=un4Q1PjKlUK%2BH6wP9kV03w%3D%3D&trk=public_jobs_jserp-result_search-card,Recrutement actif
Jr. Data Analyst,"Liquid Advertising, Inc.","Ann Arbor, Michigan, États-Unis",,https://www.linkedin.com/company/liquidadvertising?trk=public_jobs_jserp-result_job-search-card-subtitle,https://www.linkedin.com/jobs/view/jr-data-analyst-at-liquid-advertising-inc-3921563957?position=14&pageNum=0&refId=TM07%2FMvoXu3b9Oe0YBKRXw%3D%3D&trackingId=bIf4yNFbdqEGe0bXqkHbkA%3D%3D&trk=public_jobs_jserp-result_search-card,Soyez un des premiers candidats
Data Entry,Virpie Tech,"Lenexa, Kansas, États-Unis",,https://www.linkedin.com/company/virpie-inc?trk=public_jobs_jserp-result_job-search-card-subtitle,https://www.linkedin.com/jobs/view/data-entry-at-virpie-tech-3919911069?position=15&pageNum=0&refId=TM07%2FMvoXu3b9Oe0YBKRXw%3D%3D&trackingId=VgBnVdGaEtYvNndc01EHrw%3D%3D&trk=public_jobs_jserp-result_search-card,Soyez un des premiers candidats
Data Analyst,Atlantic Group,États-Unis,,https://www.linkedin.com/company/the-atlantic-group?trk=public_jobs_jserp-result_job-search-card-subtitle,https://www.linkedin.com/jobs/view/data-analyst-at-atlantic-group-3922852102?position=16&pageNum=0&refId=TM07%2FMvoXu3b9Oe0YBKRXw%3D%3D&trackingId=m%2B%2Frcrw3%2BZGI%2FS51gJ85Gw%3D%3D&trk=public_jobs_jserp-result_search-card,Recrutement actif Plus de 4 avantages
Data Scientist /Analyst,Halyard Health,"Springfield, Illinois, États-Unis",,https://www.linkedin.com/company/halyard-health?trk=public_jobs_jserp-result_job-search-card-subtitle,https://www.linkedin.com/jobs/view/data-scientist-analyst-at-halyard-health-3922855770?position=17&pageNum=0&refId=TM07%2FMvoXu3b9Oe0YBKRXw%3D%3D&trackingId=Mq3DdvxwkbRt9p%2FCUWJwlQ%3D%3D&trk=public_jobs_jserp-result_search-card,
